Workbook

Sheet Config
B2: Configuration
B3: Yellow cells = user inputs
B4: Locker Dimensions | E4: Quantities | H4: Material Stock Size
B5: Model Type | C5: Model A | E5: Quantity Frames | F5: 100 | H5: Width (in) | I5: 60
B6: Locker Width (in) | C6: 9 | E6: Lockers per Frame | F6: Lockers | H6: Length (in) | I6: 96
B7: Locker Height (in) | C7: 96
B9: Output
B10: Total Sheets | C10: =ROUNDUP(Tables!Q27/Tables!D2,0) -> 17

Sheet Tables
B1: Width (in) | C1: Depth (in) | D1: Sqft (SQF)
A2: Stock Size | B2: =Config!I5 -> 60 | C2: =Config!I6 -> 96 | D2: =(B2*C2)/(12^2) -> 40 | M2: Column# | N2: 1 | O2: 2 | P2: 3 | Q2: 4 | R2: 5 | S2: 6 | T2: 7
K3: Lower Limit (in) | L3: Door Width | M3: Upper Limit (in) | N3: Model A | O3: Model Z | P3: Model B | Q3: Model C | R3: Model D | S3: Model E | T3: Model F
J4: Row# | N4: Door (SQF) | O4: Door (SQF) | P4: Door (SQF) | Q4: Door (SQF) | R4: Door (SQF) | S4: Door (SQF) | T4: Door (SQF)
J5: 1 | K5: =M4+0.00001 -> 1e-05 | M5: =$D$39 -> 4 | N5: =I59 -> 2.6666667 | O5: =I72 -> 1.3333333 | P5: =I85 -> 1.3333333 | Q5: =I98 -> 0.88888889 | R5: =I112 -> 0.66666667 | S5: =I126 -> 0.53333333 | T5: =I140 -> 0.44444444 | V5: =IF(AND($Q$18>=K5, $Q$18<=M5+0.00001), "Within Range", "Out of Range") -> Out of Range
J6: 2 | K6: =M5+0.00001 -> 4.00001 | M6: =$D$40 -> 5 | N6: =I60 -> 3.3333333 | O6: =I73 -> 1.6666667 | P6: =I86 -> 1.6666667 | Q6: =I99 -> 1.1111111 | R6: =I113 -> 0.83333333 | S6: =I127 -> 0.66666667 | T6: =I141 -> 0.55555556 | V6: =IF(AND($Q$18>=K6, $Q$18<=M6+0.00001), "Within Range", "Out of Range") -> Out of Range
J7: 3 | K7: =M6+0.00001 -> 5.00001 | M7: =$D$41 -> 6 | N7: =I61 -> 4 | O7: =I74 -> 2 | P7: =I87 -> 2 | Q7: =I100 -> 1.3333333 | R7: =I114 -> 1 | S7: =I128 -> 0.8 | T7: =I142 -> 0.66666667 | V7: =IF(AND($Q$18>=K7, $Q$18<=M7+0.00001), "Within Range", "Out of Range") -> Out of Range
J8: 4 | K8: =M7+0.00001 -> 6.00001 | M8: =$D$42 -> 6.6666667 | N8: =I62 -> 4.4444444 | O8: =I75 -> 2.2222222 | P8: =I88 -> 2.2222222 | Q8: =I101 -> 1.4814815 | R8: =I115 -> 1.1111111 | S8: =I129 -> 0.88888889 | T8: =I143 -> 0.74074074 | V8: =IF(AND($Q$18>=K8, $Q$18<=M8+0.00001), "Within Range", "Out of Range") -> Out of Range
J9: 5 | K9: =M8+0.00001 -> 6.6666767 | M9: =$D$43 -> 7.5 | N9: =I63 -> 5 | O9: =I76 -> 2.5 | P9: =I89 -> 2.5 | Q9: =I102 -> 1.6666667 | R9: =I116 -> 1.25 | S9: =I130 -> 1 | T9: =I144 -> 0.83333333 | V9: =IF(AND($Q$18>=K9, $Q$18<=M9+0.00001), "Within Range", "Out of Range") -> Out of Range
J10: 6 | K10: =M9+0.00001 -> 7.50001 | M10: =$D$44 -> 8.5714286 | N10: =I64 -> 5.7142857 | O10: =I77 -> 2.8571429 | P10: =I90 -> 2.8571429 | Q10: =I103 -> 1.9047619 | R10: =I117 -> 1.4285714 | S10: =I131 -> 1.1428571 | T10: =I145 -> 0.95238095 | V10: =IF(AND($Q$18>=K10, $Q$18<=M10+0.00001), "Within Range", "Out of Range") -> Out of Range
J11: 7 | K11: =M10+0.00001 -> 8.5714386 | M11: =$D$45 -> 10 | N11: =I65 -> 6.6666667 | O11: =I78 -> 3.3333333 | P11: =I91 -> 3.3333333 | Q11: =I104 -> 2.2222222 | R11: =I118 -> 1.6666667 | S11: =I132 -> 1.3333333 | T11: =I146 -> 1.1111111 | V11: =IF(AND($Q$18>=K11, $Q$18<=M11+0.00001), "Within Range", "Out of Range") -> Within Range
J12: 8 | K12: =M11+0.00001 -> 10.00001 | M12: =$D$46 -> 12 | N12: =I66 -> 8 | O12: =I79 -> 4 | P12: =I92 -> 4 | Q12: =I105 -> 2.6666667 | R12: =I119 -> 2 | S12: =I133 -> 1.6 | T12: =I147 -> 1.3333333 | V12: =IF(AND($Q$18>=K12, $Q$18<=M12+0.00001), "Within Range", "Out of Range") -> Out of Range
J13: 9 | K13: =M12+0.00001 -> 12.00001 | M13: =$D$47 -> 15 | N13: =I67 -> 10 | O13: =I80 -> 5 | P13: =I93 -> 5 | Q13: =I106 -> 3.3333333 | R13: =I120 -> 2.5 | S13: =I134 -> 2 | T13: =I148 -> 1.6666667 | V13: =IF(AND($Q$18>=K13, $Q$18<=M13+0.00001), "Within Range", "Out of Range") -> Out of Range
J14: 10 | K14: =M13+0.00001 -> 15.00001 | M14: =$D$48 -> 20 | N14: =I68 -> 13.333333 | O14: =I81 -> 6.6666667 | P14: =I94 -> 6.6666667 | Q14: =I107 -> 4.4444444 | R14: =I121 -> 3.3333333 | S14: =I135 -> 2.6666667 | T14: =I149 -> 2.2222222 | V14: =IF(AND($Q$18>=K14, $Q$18<=M14+0.00001), "Within Range", "Out of Range") -> Out of Range
J15: 11 | K15: =M14+0.00001 -> 20.00001 | M15: =$D$49 -> 30 | N15: =I69 -> 20 | O15: =I82 -> 10 | P15: =I95 -> 10 | Q15: =I108 -> 6.6666667 | R15: =I122 -> 5 | S15: =I136 -> 4 | T15: =I150 -> 3.3333333 | V15: =IF(AND($Q$18>=K15, $Q$18<=M15+0.00001), "Within Range", "Out of Range") -> Out of Range
J16: 12 | K16: =M15+0.00001 -> 30.00001 | M16: =$D$50 -> 60 | N16: =I70 -> 40 | O16: =I83 -> 20 | P16: =I96 -> 20 | Q16: =I109 -> 13.333333 | R16: =I123 -> 10 | S16: =I137 -> 8 | T16: =I151 -> 6.6666667 | V16: =IF(AND($Q$18>=K16, $Q$18<=M16+0.00001), "Within Range", "Out of Range") -> Out of Range
Q18: =Config!C6 -> 9 | R18: in
O19: Index Row = | Q19: {=_xlfn.IFS(V5="within range",J5,V6="within range",J6,V7="within range",J7,V8="within range",J8,V9="within range",J9,V10="within range",J10,V11="within range",J11,V12="within range",J12,V13="within range",J13,V14="within range",J14,V15="within range",J15,V16="within range",J16)} -> 7
O20: Model Type = | Q20: =Config!C5 -> Model A
O21: Index Width = | Q21: {=_xlfn.IFS(Q20=N3,N2,Q20=O3,O2,Q20=P3,P2,Q20=Q3,Q2,Q20=R3,R2,Q20=S3,S2,Q20=T3,T2)} -> 1
O22: Door SQF = | Q22: {=INDEX(N5:T16,Q19,Q21)} -> 6.6666667 | R22: SQF
Q23: =Config!C7 -> 96 | R23: in
O24: Fractional Height Limit = | Q24: {=_xlfn.IFS(Q23<=D53,E53,Q23<=D54,E54,Q23<=D55,E55,Q23<=D56,E56)} -> 1
P25: Quantity Frames = | Q25: =Config!F5 -> 100
P26: Quantity Doors = | Q26: =_xlfn.XLOOKUP(Q20,B30:B36,D30:D36,"ERROR")*Q25 -> 100
P27: Total SQF Width = | Q27: =Q22*Q26 -> 666.66667 | R27: SQF
B29: Locker Models | C29: Fractional Openings | D29: Doors per Frame
B30: Model A | C30: 1 | D30: 1
B31: Model Z | C31: 0.5 | D31: 2
B32: Model B | C32: 0.5 | D32: 2
B33: Model C | C33: 0.33333333 | D33: 3
B34: Model D | C34: 0.25 | D34: 4
B35: Model E | C35: 0.2 | D35: 5
B36: Model F | C36: 0.16666667 | D36: 6
B38: Lower Limit (in) | C38: Door Width | D38: Upper Limit (in) | E38: Fractional Width Limit
B39: 0 | D39: =$B$2*E39 -> 4 | E39: =1/15 -> 0.066666667 | F39: (1/15) | K39: FWL_Coll | L39: [ | M39: ] | N39: ["LL"]
B40: =D39+0.000001 -> 4.000001 | D40: =$B$2*E40 -> 5 | E40: =1/12 -> 0.083333333 | F40: (1/12)
B41: =D40+0.000001 -> 5.000001 | D41: =$B$2*E41 -> 6 | E41: 0.1 | F41: (1/10)
B42: =D41+0.000001 -> 6.000001 | D42: =$B$2*E42 -> 6.6666667 | E42: =1/9 -> 0.11111111 | F42: (1/9)
B43: =D42+0.000001 -> 6.6666677 | D43: =$B$2*E43 -> 7.5 | E43: =1/8 -> 0.125 | F43: (1/8) | O43: 0.25 | P43: =_xlfn.CONCAT("=",O43) -> =0.25
B44: =D43+0.000001 -> 7.500001 | D44: =$B$2*E44 -> 8.5714286 | E44: =1/7 -> 0.14285714 | F44: (1/7) | O44: 0.33333333 | P44: =_xlfn.CONCAT("=",O44) -> =0.333333333333333
B45: =D44+0.000001 -> 8.5714296 | D45: =$B$2*E45 -> 10 | E45: =1/6 -> 0.16666667 | F45: (1/6) | O45: 0.5 | P45: =_xlfn.CONCAT("=",O45) -> =0.5
B46: =D45+0.000001 -> 10.000001 | D46: =$B$2*E46 -> 12 | E46: 0.2 | F46: (1/5) | O46: 1 | P46: =_xlfn.CONCAT("=",O46) -> =1
B47: =D46+0.000001 -> 12.000001 | D47: =$B$2*E47 -> 15 | E47: =1/4 -> 0.25 | F47: (1/4)
B48: =D47+0.000001 -> 15.000001 | D48: =$B$2*E48 -> 20 | E48: =1/3 -> 0.33333333 | F48: (1/3)
B49: =D48+0.000001 -> 20.000001 | D49: =$B$2*E49 -> 30 | E49: =1/2 -> 0.5 | F49: (1/2)
B50: =D49+0.000001 -> 30.000001 | D50: =$B$2*E50 -> 60 | E50: =1 -> 1 | F50: (1)
B52: Lower Limit (in) | C52: Door Length | D52: Upper Limit (in) | E52: Fractional Height Limit
B53: 0 | D53: =$C$2*E53 -> 24 | E53: 0.25
B54: =D53+0.000001 -> 24.000001 | D54: =$C$2*E54 -> 32 | E54: =1/3 -> 0.33333333
B55: =D54+0.000001 -> 32.000001 | D55: =$C$2*E55 -> 48 | E55: 0.5
B56: =D55+0.000001 -> 48.000001 | D56: =$C$2*E56 -> 96 | E56: 1
B58: Lower Limit (in) | C58: Locker Width | D58: Upper Limit (in) | E58: SQF Stock | F58: Fractional Width Limit | G58: Fractional Openings | H58: Fractional Height Limit | I58: SQF Door
A59: Model A | B59: =B39 -> 0 | D59: =D39 -> 4 | E59: =$D$2 -> 40 | F59: =E39 -> 0.066666667 | G59: =$C$30 -> 1 | H59: =$Q$24 -> 1 | I59: =E59*F59*G59*H59 -> 2.6666667
B60: =B40 -> 4.000001 | D60: =D40 -> 5 | E60: =$D$2 -> 40 | F60: =E40 -> 0.083333333 | G60: =$C$30 -> 1 | H60: =$Q$24 -> 1 | I60: =E60*F60*G60*H60 -> 3.3333333
B61: =B41 -> 5.000001 | D61: =D41 -> 6 | E61: =$D$2 -> 40 | F61: =E41 -> 0.1 | G61: =$C$30 -> 1 | H61: =$Q$24 -> 1 | I61: =E61*F61*G61*H61 -> 4
B62: =B42 -> 6.000001 | D62: =D42 -> 6.6666667 | E62: =$D$2 -> 40 | F62: =E42 -> 0.11111111 | G62: =$C$30 -> 1 | H62: =$Q$24 -> 1 | I62: =E62*F62*G62*H62 -> 4.4444444
B63: =B43 -> 6.6666677 | D63: =D43 -> 7.5 | E63: =$D$2 -> 40 | F63: =E43 -> 0.125 | G63: =$C$30 -> 1 | H63: =$Q$24 -> 1 | I63: =E63*F63*G63*H63 -> 5
B64: =B44 -> 7.500001 | D64: =D44 -> 8.5714286 | E64: =$D$2 -> 40 | F64: =E44 -> 0.14285714 | G64: =$C$30 -> 1 | H64: =$Q$24 -> 1 | I64: =E64*F64*G64*H64 -> 5.7142857
B65: =B45 -> 8.5714296 | D65: =D45 -> 10 | E65: =$D$2 -> 40 | F65: =E45 -> 0.16666667 | G65: =$C$30 -> 1 | H65: =$Q$24 -> 1 | I65: =E65*F65*G65*H65 -> 6.6666667
B66: =B46 -> 10.000001 | D66: =D46 -> 12 | E66: =$D$2 -> 40 | F66: =E46 -> 0.2 | G66: =$C$30 -> 1 | H66: =$Q$24 -> 1 | I66: =E66*F66*G66*H66 -> 8
B67: =B47 -> 12.000001 | D67: =D47 -> 15 | E67: =$D$2 -> 40 | F67: =E47 -> 0.25 | G67: =$C$30 -> 1 | H67: =$Q$24 -> 1 | I67: =E67*F67*G67*H67 -> 10
B68: =B48 -> 15.000001 | D68: =D48 -> 20 | E68: =$D$2 -> 40 | F68: =E48 -> 0.33333333 | G68: =$C$30 -> 1 | H68: =$Q$24 -> 1 | I68: =E68*F68*G68*H68 -> 13.333333
B69: =B49 -> 20.000001 | D69: =D49 -> 30 | E69: =$D$2 -> 40 | F69: =E49 -> 0.5 | G69: =$C$30 -> 1 | H69: =$Q$24 -> 1 | I69: =E69*F69*G69*H69 -> 20
B70: =B50 -> 30.000001 | D70: =D50 -> 60 | E70: =$D$2 -> 40 | F70: =E50 -> 1 | G70: =$C$30 -> 1 | H70: =$Q$24 -> 1 | I70: =E70*F70*G70*H70 -> 40
A72: Model Z | B72: =D71 -> 0 | D72: =D39 -> 4 | E72: =$D$2 -> 40 | F72: =E39 -> 0.066666667 | G72: =$C$31 -> 0.5 | H72: =$Q$24 -> 1 | I72: =E72*F72*G72*H72 -> 1.3333333
B73: =D72 -> 4 | D73: =D40 -> 5 | E73: =$D$2 -> 40 | F73: =E40 -> 0.083333333 | G73: =$C$31 -> 0.5 | H73: =$Q$24 -> 1 | I73: =E73*F73*G73*H73 -> 1.6666667
B74: =D73 -> 5 | D74: =D41 -> 6 | E74: =$D$2 -> 40 | F74: =E41 -> 0.1 | G74: =$C$31 -> 0.5 | H74: =$Q$24 -> 1 | I74: =E74*F74*G74*H74 -> 2
B75: =D73 -> 5 | D75: =D42 -> 6.6666667 | E75: =$D$2 -> 40 | F75: =E42 -> 0.11111111 | G75: =$C$31 -> 0.5 | H75: =$Q$24 -> 1 | I75: =E75*F75*G75*H75 -> 2.2222222
B76: =D74 -> 6 | D76: =D43 -> 7.5 | E76: =$D$2 -> 40 | F76: =E43 -> 0.125 | G76: =$C$31 -> 0.5 | H76: =$Q$24 -> 1 | I76: =E76*F76*G76*H76 -> 2.5
B77: =D75 -> 6.6666667 | D77: =D44 -> 8.5714286 | E77: =$D$2 -> 40 | F77: =E44 -> 0.14285714 | G77: =$C$31 -> 0.5 | H77: =$Q$24 -> 1 | I77: =E77*F77*G77*H77 -> 2.8571429
B78: =D76 -> 7.5 | D78: =D45 -> 10 | E78: =$D$2 -> 40 | F78: =E45 -> 0.16666667 | G78: =$C$31 -> 0.5 | H78: =$Q$24 -> 1 | I78: =E78*F78*G78*H78 -> 3.3333333
B79: =D78 -> 10 | D79: =D46 -> 12 | E79: =$D$2 -> 40 | F79: =E46 -> 0.2 | G79: =$C$31 -> 0.5 | H79: =$Q$24 -> 1 | I79: =E79*F79*G79*H79 -> 4
B80: =D79 -> 12 | D80: =D47 -> 15 | E80: =$D$2 -> 40 | F80: =E47 -> 0.25 | G80: =$C$31 -> 0.5 | H80: =$Q$24 -> 1 | I80: =E80*F80*G80*H80 -> 5
B81: =D80 -> 15 | D81: =D48 -> 20 | E81: =$D$2 -> 40 | F81: =E48 -> 0.33333333 | G81: =$C$31 -> 0.5 | H81: =$Q$24 -> 1 | I81: =E81*F81*G81*H81 -> 6.6666667
B82: =D81 -> 20 | D82: =D49 -> 30 | E82: =$D$2 -> 40 | F82: =E49 -> 0.5 | G82: =$C$31 -> 0.5 | H82: =$Q$24 -> 1 | I82: =E82*F82*G82*H82 -> 10
B83: =D82 -> 30 | D83: =D50 -> 60 | E83: =$D$2 -> 40 | F83: =E50 -> 1 | G83: =$C$31 -> 0.5 | H83: =$Q$24 -> 1 | I83: =E83*F83*G83*H83 -> 20
A85: Model B | B85: =D84 -> 0 | D85: =D39 -> 4 | E85: =$D$2 -> 40 | F85: =E39 -> 0.066666667 | G85: =$C$32 -> 0.5 | H85: =$Q$24 -> 1 | I85: =E85*F85*G85*H85 -> 1.3333333
B86: =D85 -> 4 | D86: =D40 -> 5 | E86: =$D$2 -> 40 | F86: =E40 -> 0.083333333 | G86: =$C$32 -> 0.5 | H86: =$Q$24 -> 1 | I86: =E86*F86*G86*H86 -> 1.6666667
B87: =D86 -> 5 | D87: =D41 -> 6 | E87: =$D$2 -> 40 | F87: =E41 -> 0.1 | G87: =$C$32 -> 0.5 | H87: =$Q$24 -> 1 | I87: =E87*F87*G87*H87 -> 2
B88: =D87 -> 6 | D88: =D42 -> 6.6666667 | E88: =$D$2 -> 40 | F88: =E42 -> 0.11111111 | G88: =$C$32 -> 0.5 | H88: =$Q$24 -> 1 | I88: =E88*F88*G88*H88 -> 2.2222222
B89: =D88 -> 6.6666667 | D89: =D43 -> 7.5 | E89: =$D$2 -> 40 | F89: =E43 -> 0.125 | G89: =$C$32 -> 0.5 | H89: =$Q$24 -> 1 | I89: =E89*F89*G89*H89 -> 2.5
B90: =D89 -> 7.5 | D90: =D44 -> 8.5714286 | E90: =$D$2 -> 40 | F90: =E44 -> 0.14285714 | G90: =$C$32 -> 0.5 | H90: =$Q$24 -> 1 | I90: =E90*F90*G90*H90 -> 2.8571429
B91: =D90 -> 8.5714286 | D91: =D45 -> 10 | E91: =$D$2 -> 40 | F91: =E45 -> 0.16666667 | G91: =$C$32 -> 0.5 | H91: =$Q$24 -> 1 | I91: =E91*F91*G91*H91 -> 3.3333333
B92: =D91 -> 10 | D92: =D46 -> 12 | E92: =$D$2 -> 40 | F92: =E46 -> 0.2 | G92: =$C$32 -> 0.5 | H92: =$Q$24 -> 1 | I92: =E92*F92*G92*H92 -> 4
B93: =D92 -> 12 | D93: =D47 -> 15 | E93: =$D$2 -> 40 | F93: =E47 -> 0.25 | G93: =$C$32 -> 0.5 | H93: =$Q$24 -> 1 | I93: =E93*F93*G93*H93 -> 5
B94: =D93 -> 15 | D94: =D48 -> 20 | E94: =$D$2 -> 40 | F94: =E48 -> 0.33333333 | G94: =$C$32 -> 0.5 | H94: =$Q$24 -> 1 | I94: =E94*F94*G94*H94 -> 6.6666667
B95: =D94 -> 20 | D95: =D49 -> 30 | E95: =$D$2 -> 40 | F95: =E49 -> 0.5 | G95: =$C$32 -> 0.5 | H95: =$Q$24 -> 1 | I95: =E95*F95*G95*H95 -> 10
B96: =D95 -> 30 | D96: =D50 -> 60 | E96: =$D$2 -> 40 | F96: =E50 -> 1 | G96: =$C$32 -> 0.5 | H96: =$Q$24 -> 1 | I96: =E96*F96*G96*H96 -> 20
A98: Model C | B98: =D97 -> 0 | D98: =D39 -> 4 | E98: =$D$2 -> 40 | F98: =E39 -> 0.066666667 | G98: =$C$33 -> 0.33333333 | H98: =$Q$24 -> 1 | I98: =E98*F98*G98*H98 -> 0.88888889
B99: =D98 -> 4 | D99: =D40 -> 5 | E99: =$D$2 -> 40 | F99: =E40 -> 0.083333333 | G99: =$C$33 -> 0.33333333 | H99: =$Q$24 -> 1 | I99: =E99*F99*G99*H99 -> 1.1111111
B100: =D99 -> 5 | D100: =D41 -> 6 | E100: =$D$2 -> 40 | F100: =E41 -> 0.1 | G100: =$C$33 -> 0.33333333 | H100: =$Q$24 -> 1 | I100: =E100*F100*G100*H100 -> 1.3333333
B101: =D100 -> 6 | D101: =D42 -> 6.6666667 | E101: =$D$2 -> 40 | F101: =E42 -> 0.11111111 | G101: =$C$33 -> 0.33333333 | H101: =$Q$24 -> 1 | I101: =E101*F101*G101*H101 -> 1.4814815
B102: =D101 -> 6.6666667 | D102: =D43 -> 7.5 | E102: =$D$2 -> 40 | F102: =E43 -> 0.125 | G102: =$C$33 -> 0.33333333 | H102: =$Q$24 -> 1 | I102: =E102*F102*G102*H102 -> 1.6666667
B103: =D102 -> 7.5 | D103: =D44 -> 8.5714286 | E103: =$D$2 -> 40 | F103: =E44 -> 0.14285714 | G103: =$C$33 -> 0.33333333 | H103: =$Q$24 -> 1 | I103: =E103*F103*G103*H103 -> 1.9047619
B104: =D103 -> 8.5714286 | D104: =D45 -> 10 | E104: =$D$2 -> 40 | F104: =E45 -> 0.16666667 | G104: =$C$33 -> 0.33333333 | H104: =$Q$24 -> 1 | I104: =E104*F104*G104*H104 -> 2.2222222
B105: =D104 -> 10 | D105: =D46 -> 12 | E105: =$D$2 -> 40 | F105: =E46 -> 0.2 | G105: =$C$33 -> 0.33333333 | H105: =$Q$24 -> 1 | I105: =E105*F105*G105*H105 -> 2.6666667
B106: =D105 -> 12 | D106: =D47 -> 15 | E106: =$D$2 -> 40 | F106: =E47 -> 0.25 | G106: =$C$33 -> 0.33333333 | H106: =$Q$24 -> 1 | I106: =E106*F106*G106*H106 -> 3.3333333
B107: =D106 -> 15 | D107: =D48 -> 20 | E107: =$D$2 -> 40 | F107: =E48 -> 0.33333333 | G107: =$C$33 -> 0.33333333 | H107: =$Q$24 -> 1 | I107: =E107*F107*G107*H107 -> 4.4444444
B108: =D107 -> 20 | D108: =D49 -> 30 | E108: =$D$2 -> 40 | F108: =E49 -> 0.5 | G108: =$C$33 -> 0.33333333 | H108: =$Q$24 -> 1 | I108: =E108*F108*G108*H108 -> 6.6666667
...

Sheet Model Types
A1: Model A
A2: Model Z
A3: Model B
A4: Model C
A5: Model D
A6: Model E
A7: Model F

Sheet Error Analysis
A1: Door W (in) | B1: Door L (in) | C1: Door SQF | D1: Locker QTY Total SQF | E1: Sheet Demand | G1: Locker W (in) | H1: Locker H (in) | I1: Sheets Demand | K1: Current Syteline Error %
A2: =G2-(1/16)*2 -> 9.875 | B2: =(H2-(1/16)*4)/2 -> 35.875 | C2: =A2*B2/144 -> 2.460178 | D2: =C2*Config!$F$2*2 -> 0 | E2: =D2/32 -> 0 | G2: 10 | H2: 72 | I2: 25 | K2: =(Table2[[#This Row],[Sheets Demand]]-Table1[[#This Row],[Sheet Demand]])/Table2[[#This Row],[Sheets Demand]] -> 1
A3: =G3-(1/16)*2 -> 10.875 | B3: =(H3-(1/16)*4)/2 -> 35.875 | C3: =A3*B3/144 -> 2.7093099 | D3: =C3*Config!$F$2*2 -> 0 | E3: =D3/32 -> 0 | G3: 11 | H3: 72 | I3: 25 | K3: =(Table2[[#This Row],[Sheets Demand]]-Table1[[#This Row],[Sheet Demand]])/Table2[[#This Row],[Sheets Demand]] -> 1
A4: =G4-(1/16)*2 -> 11.875 | B4: =(H4-(1/16)*4)/2 -> 35.875 | C4: =A4*B4/144 -> 2.9584418 | D4: =C4*Config!$F$2*2 -> 0 | E4: =D4/32 -> 0 | G4: 12 | H4: 72 | I4: 25 | K4: =(Table2[[#This Row],[Sheets Demand]]-Table1[[#This Row],[Sheet Demand]])/Table2[[#This Row],[Sheets Demand]] -> 1
A5: =G5-(1/16)*2 -> 12.875 | B5: =(H5-(1/16)*4)/2 -> 35.875 | C5: =A5*B5/144 -> 3.2075738 | D5: =C5*Config!$F$2*2 -> 0 | E5: =D5/32 -> 0 | G5: 13 | H5: 72 | I5: 25 | K5: =(Table2[[#This Row],[Sheets Demand]]-Table1[[#This Row],[Sheet Demand]])/Table2[[#This Row],[Sheets Demand]] -> 1
A6: =G6-(1/16)*2 -> 13.875 | B6: =(H6-(1/16)*4)/2 -> 35.875 | C6: =A6*B6/144 -> 3.4567057 | D6: =C6*Config!$F$2*2 -> 0 | E6: =D6/32 -> 0 | G6: 14 | H6: 72 | I6: 25 | K6: =(Table2[[#This Row],[Sheets Demand]]-Table1[[#This Row],[Sheet Demand]])/Table2[[#This Row],[Sheets Demand]] -> 1
A7: =G7-(1/16)*2 -> 14.875 | B7: =(H7-(1/16)*4)/2 -> 35.875 | C7: =A7*B7/144 -> 3.7058377 | D7: =C7*Config!$F$2*2 -> 0 | E7: =D7/32 -> 0 | G7: 15 | H7: 72 | I7: 25 | K7: =(Table2[[#This Row],[Sheets Demand]]-Table1[[#This Row],[Sheet Demand]])/Table2[[#This Row],[Sheets Demand]] -> 1
A8: =G8-(1/16)*2 -> 15.875 | B8: =(H8-(1/16)*4)/2 -> 35.875 | C8: =A8*B8/144 -> 3.9549696 | D8: =C8*Config!$F$2*2 -> 0 | E8: =D8/32 -> 0 | G8: 16 | H8: 72 | I8: 25 | K8: =(Table2[[#This Row],[Sheets Demand]]-Table1[[#This Row],[Sheet Demand]])/Table2[[#This Row],[Sheets Demand]] -> 1
A9: =G9-(1/16)*2 -> 16.875 | B9: =(H9-(1/16)*4)/2 -> 35.875 | C9: =A9*B9/144 -> 4.2041016 | D9: =C9*Config!$F$2*2 -> 0 | E9: =D9/32 -> 0 | G9: 17 | H9: 72 | I9: 50 | K9: =(Table2[[#This Row],[Sheets Demand]]-Table1[[#This Row],[Sheet Demand]])/Table2[[#This Row],[Sheets Demand]] -> 1
A10: =G10-(1/16)*2 -> 17.875 | B10: =(H10-(1/16)*4)/2 -> 35.875 | C10: =A10*B10/144 -> 4.4532335 | D10: =C10*Config!$F$2*2 -> 0 | E10: =D10/32 -> 0 | G10: 18 | H10: 72 | I10: 50 | K10: =(Table2[[#This Row],[Sheets Demand]]-Table1[[#This Row],[Sheet Demand]])/Table2[[#This Row],[Sheets Demand]] -> 1
A11: =G11-(1/16)*2 -> 18.875 | B11: =(H11-(1/16)*4)/2 -> 35.875 | C11: =A11*B11/144 -> 4.7023655 | D11: =C11*Config!$F$2*2 -> 0 | E11: =D11/32 -> 0 | G11: 19 | H11: 72 | I11: 50 | K11: =(Table2[[#This Row],[Sheets Demand]]-Table1[[#This Row],[Sheet Demand]])/Table2[[#This Row],[Sheets Demand]] -> 1
A12: =G12-(1/16)*2 -> 19.875 | B12: =(H12-(1/16)*4)/2 -> 35.875 | C12: =A12*B12/144 -> 4.9514974 | D12: =C12*Config!$F$2*2 -> 0 | E12: =D12/32 -> 0 | G12: 20 | H12: 72 | I12: 50 | K12: =(Table2[[#This Row],[Sheets Demand]]-Table1[[#This Row],[Sheet Demand]])/Table2[[#This Row],[Sheets Demand]] -> 1
A13: =G13-(1/16)*2 -> 20.875 | B13: =(H13-(1/16)*4)/2 -> 35.875 | C13: =A13*B13/144 -> 5.2006293 | D13: =C13*Config!$F$2*2 -> 0 | E13: =D13/32 -> 0 | G13: 21 | H13: 72 | I13: 50 | K13: =(Table2[[#This Row],[Sheets Demand]]-Table1[[#This Row],[Sheet Demand]])/Table2[[#This Row],[Sheets Demand]] -> 1
... A16: =G16-(1/16)*2 -> 23.875 | B16: =(H16-(1/16)*4)/2 -> 35.875 | C16: =A16*B16/144 -> 5.9480252 | D16: =C16*Config!$F$2*2 -> 0 | E16: =D16/32 -> 0 | G16: 24 | H16: 72 | I16: 50 | K16: =(Table2[[#This Row],[Sheets Demand]]-Table1[[#This Row],[Sheet Demand]])/Table2[[#This Row],[Sheets Demand]] -> 1

Sheet Scratch
M3: 60
O4: Stock Size*FWL
B5: Lower Limit (in) | C5: Door Width | D5: Upper Limit (in) | E5: Fractional Width Limit | L5: IndexW | M5: LL | O5: UL | P5: FWL
B6: 0 | D6: 4 | E6: 0.066666667 | F6: (1/15) | L6: 0 | M6: 0 | P6: 0.066666667 | R6: =_xlfn.CONCAT("=",P6) -> =0.0666666666666667
B7: 4.000001 | D7: 5 | E7: 0.083333333 | F7: (1/12) | L7: 1 | P7: 0.083333333 | R7: =_xlfn.CONCAT("=",P7) -> =0.0833333333333333
B8: 5.000001 | D8: 6 | E8: 0.1 | F8: (1/10) | L8: 2 | P8: 0.1 | R8: =_xlfn.CONCAT("=",P8) -> =0.1
B9: 6.000001 | D9: 6.6666667 | E9: 0.11111111 | F9: (1/9) | L9: 3 | P9: 0.11111111 | R9: =_xlfn.CONCAT("=",P9) -> =0.111111111111111
B10: 6.6666677 | D10: 7.5 | E10: 0.125 | F10: (1/8) | L10: 4 | P10: 0.125 | R10: =_xlfn.CONCAT("=",P10) -> =0.125
B11: 7.500001 | D11: 8.5714286 | E11: 0.14285714 | F11: (1/7) | L11: 5 | P11: 0.14285714 | R11: =_xlfn.CONCAT("=",P11) -> =0.142857142857143
B12: 8.5714296 | D12: 10 | E12: 0.16666667 | F12: (1/6) | L12: 6 | P12: 0.16666667 | R12: =_xlfn.CONCAT("=",P12) -> =0.166666666666667
B13: 10.000001 | D13: 12 | E13: 0.2 | F13: (1/5) | L13: 7 | P13: 0.2 | R13: =_xlfn.CONCAT("=",P13) -> =0.2
B14: 12.000001 | D14: 15 | E14: 0.25 | F14: (1/4) | L14: 8 | P14: 0.25 | R14: =_xlfn.CONCAT("=",P14) -> =0.25
B15: 15.000001 | D15: 20 | E15: 0.33333333 | F15: (1/3) | L15: 6 | P15: 0.33333333 | R15: =_xlfn.CONCAT("=",P15) -> =0.333333333333333
B16: 20.000001 | D16: 30 | E16: 0.5 | F16: (1/2) | L16: 10 | P16: 0.5 | R16: =_xlfn.CONCAT("=",P16) -> =0.5
B17: 30.000001 | D17: 60 | E17: 1 | F17: (1) | L17: 11 | M17: SW | P17: 1 | R17: =_xlfn.CONCAT("=",P17) -> =1
L22: FHL_Coll | M22: [ | N22: ] | O22: ["FHL"] | P22: =_xlfn.CONCAT(L22,M22,L6,N22,O22) -> FHL_Coll[0]["FHL"] | Q22: =_xlfn.CONCAT("=",L22,M22,L6,N22,O22) -> =FHL_Coll[0]["FHL"] | T22: FHL_Coll[IndexH]["LL"]
L23: FHL_Coll | M23: [ | N23: ] | O23: ["FHL"] | P23: =_xlfn.CONCAT(L23,M23,L7,N23,O23) -> FHL_Coll[1]["FHL"] | Q23: =_xlfn.CONCAT("=",L23,M23,L7,N23,O23) -> =FHL_Coll[1]["FHL"]
L24: FHL_Coll | M24: [ | N24: ] | O24: ["FHL"] | P24: =_xlfn.CONCAT(L24,M24,L8,N24,O24) -> FHL_Coll[2]["FHL"] | Q24: =_xlfn.CONCAT("=",L24,M24,L8,N24,O24) -> =FHL_Coll[2]["FHL"]
L25: FHL_Coll | M25: [ | N25: ] | O25: ["FHL"] | P25: =_xlfn.CONCAT(L25,M25,L9,N25,O25) -> FHL_Coll[3]["FHL"] | Q25: =_xlfn.CONCAT("=",L25,M25,L9,N25,O25) -> =FHL_Coll[3]["FHL"]
L26: FHL_Coll | M26: [ | N26: ] | O26: ["FHL"] | P26: =_xlfn.CONCAT(L26,M26,L10,N26,O26) -> FHL_Coll[4]["FHL"] | Q26: =_xlfn.CONCAT("=",L26,M26,L10,N26,O26) -> =FHL_Coll[4]["FHL"]
L27: FHL_Coll | M27: [ | N27: ] | O27: ["FHL"] | P27: =_xlfn.CONCAT(L27,M27,L11,N27,O27) -> FHL_Coll[5]["FHL"] | Q27: =_xlfn.CONCAT("=",L27,M27,L11,N27,O27) -> =FHL_Coll[5]["FHL"]
L28: FHL_Coll | M28: [ | N28: ] | O28: ["FHL"] | P28: =_xlfn.CONCAT(L28,M28,L12,N28,O28) -> FHL_Coll[6]["FHL"] | Q28: =_xlfn.CONCAT("=",L28,M28,L12,N28,O28) -> =FHL_Coll[6]["FHL"]
L29: FHL_Coll | M29: [ | N29: ] | O29: ["FHL"] | P29: =_xlfn.CONCAT(L29,M29,L13,N29,O29) -> FHL_Coll[7]["FHL"] | Q29: =_xlfn.CONCAT("=",L29,M29,L13,N29,O29) -> =FHL_Coll[7]["FHL"]
L30: FHL_Coll | M30: [ | N30: ] | O30: ["FHL"] | P30: =_xlfn.CONCAT(L30,M30,L14,N30,O30) -> FHL_Coll[8]["FHL"] | Q30: =_xlfn.CONCAT("=",L30,M30,L14,N30,O30) -> =FHL_Coll[8]["FHL"]
L31: FHL_Coll | M31: [ | N31: ] | O31: ["FHL"] | P31: =_xlfn.CONCAT(L31,M31,L15,N31,O31) -> FHL_Coll[6]["FHL"] | Q31: =_xlfn.CONCAT("=",L31,M31,L15,N31,O31) -> =FHL_Coll[6]["FHL"]
L32: FHL_Coll | M32: [ | N32: ] | O32: ["FHL"] | P32: =_xlfn.CONCAT(L32,M32,L16,N32,O32) -> FHL_Coll[10]["FHL"] | Q32: =_xlfn.CONCAT("=",L32,M32,L16,N32,O32) -> =FHL_Coll[10]["FHL"]
L33: FHL_Coll | M33: [ | N33: ] | O33: ["FHL"] | P33: =_xlfn.CONCAT(L33,M33,L17,N33,O33) -> FHL_Coll[11]["FHL"] | Q33: =_xlfn.CONCAT("=",L33,M33,L17,N33,O33) -> =FHL_Coll[11]["FHL"]
